N,P,K,temperature,humidity,ph,rainfall,crop,market_price,yield_per_acre
103,79,57,34,51,7,260,tur,1743,30
94,42,44,40,56,5,71,chana,8092,44
69,64,66,23,48,5,251,sesame,4778,32
84,44,69,15,88,7,108,mustard,5998,48
99,33,47,23,64,5,78,bajra,4378,31
112,50,60,31,64,7,72,oats,2387,29
104,32,59,15,83,6,128,groundnut,6293,43
88,35,41,30,89,7,225,oats,11475,30
116,70,61,27,86,8,163,sesame,11115,22
118,54,62,23,73,5,100,bajra,8806,11
123,55,69,34,79,6,115,sesame,5332,27
22,23,22,37,84,6,249,maize,10419,42
44,32,43,22,94,7,202,soybeans,4905,49
132,49,56,29,47,6,227,sorghum,1960,18
86,57,50,25,79,7,185,chana,8202,21
35,34,40,17,64,7,133,coffee,9164,47
53,65,46,31,64,6,114,turmeric,4399,46
112,44,27,35,45,8,100,sugarcane,6465,25
100,58,53,17,52,7,72,sunflower,9645,22
117,62,67,18,53,6,146,sorghum,6164,44
36,37,60,37,76,6,261,mustard,10963,15
96,42,24,35,67,7,89,tur,11475,37
26,67,39,29,78,7,122,moong,5703,6
75,67,52,16,69,5,136,tur,10997,45
84,21,55,34,52,8,61,barley,6782,27
36,24,51,40,51,7,78,rice,5832,7
124,28,37,17,94,8,134,chilli,5211,35
90,33,54,40,43,6,156,cardamom,11294,34
87,77,41,37,56,6,153,barley,6616,30
112,29,54,36,91,7,94,coffee,7555,15
106,80,49,24,48,8,255,barley,11154,17
111,43,41,28,94,8,228,moong,7002,36
55,50,45,15,61,8,155,chilli,10781,13
22,61,59,40,45,8,203,jowar,9667,36
96,26,73,39,40,5,277,black_pepper,2338,30
50,38,58,25,51,8,194,rice,10535,42
97,40,76,20,86,5,82,maize,6843,23
103,23,74,37,50,8,213,sugarcane,11414,21
49,25,34,39,62,7,192,tur,6155,5
27,23,37,36,61,5,250,ragi,11421,19
25,24,60,32,45,6,123,groundnuts,11030,36
98,79,41,22,42,5,260,cardamom,6577,8
71,35,56,40,87,8,165,black_pepper,4452,41
74,32,52,16,75,7,101,sorghum,9129,19
95,26,53,17,81,7,246,bajra,3845,31
81,76,78,17,63,5,168,cotton,4109,46
130,58,47,34,71,8,292,sesame,11074,35
28,55,26,40,80,5,69,urad,7722,41
93,79,35,36,61,6,111,tur,3069,45
37,63,57,31,78,5,115,sunflower,10091,6
139,23,52,18,41,7,206,turmeric,6387,46
41,57,75,15,64,6,123,millets,8602,28
132,25,57,39,59,8,197,barley,6473,40
118,59,27,40,86,8,125,oats,7370,11
104,71,67,19,72,5,98,sugarcane,9679,7
35,33,50,21,46,6,246,cotton,4903,16
124,55,62,31,44,8,142,coffee,10962,11
88,80,24,16,43,6,177,bajra,9500,39
114,64,20,28,72,8,202,sunflower,11262,16
120,47,73,17,82,8,220,chilli,6507,43
68,33,42,21,78,6,149,millets,11513,15
36,78,31,39,70,7,69,millets,10669,10
112,43,53,33,63,7,231,coffee,10702,11
82,41,21,38,85,7,101,barley,5077,14
101,32,45,33,85,7,132,rice,6069,27
42,68,41,21,50,7,204,jowar,11775,49
113,65,30,28,66,6,66,wheat,9582,23
30,74,78,17,85,8,280,tur,6131,6
100,48,61,19,93,6,98,tea,8800,49
49,72,71,15,59,8,141,cotton,8509,14
80,47,51,39,61,5,92,rice,3270,37
59,64,24,24,78,7,234,maize,9520,17
88,49,48,38,63,7,247,turmeric,8378,44
108,57,80,24,48,7,253,coffee,2768,7
62,22,58,34,56,6,226,urad,11457,5
80,22,22,28,52,6,55,chana,6023,42
41,23,70,15,49,7,101,oats,6562,41
55,38,23,19,74,5,228,sesame,10609,33
89,57,55,17,79,7,137,sunflower,4778,36
33,72,47,28,71,5,220,tur,10244,10
84,62,53,28,45,7,123,soybeans,6431,17
129,58,20,28,88,5,86,tea,10683,17
49,53,56,34,88,6,102,tea,2851,21
23,79,64,29,67,7,82,sunflower,5952,48
108,78,74,15,95,8,186,maize,1972,43
33,79,38,17,95,8,196,cotton,7153,44
50,43,21,36,80,8,189,sesame,2279,43
30,36,47,17,89,8,67,oats,2116,38
135,48,28,40,91,8,282,tea,3727,31
128,45,32,38,44,7,274,soybeans,2281,25
124,23,29,18,74,5,283,mustard,2471,15
56,42,31,23,53,6,80,sesame,3492,6
77,64,21,26,78,6,259,rice,4246,45
43,20,20,16,48,5,155,jowar,10903,47
137,50,72,32,82,8,204,rice,2737,22
110,46,30,39,87,7,158,sunflower,5691,47
26,63,24,17,44,6,129,barley,5983,33
79,44,24,17,87,5,243,groundnuts,10296,48
86,39,59,22,50,5,112,chana,11155,29
117,79,21,26,55,8,203,bajra,3695,45
49,30,63,39,44,7,169,mustard,11793,34
105,80,31,37,44,6,294,ragi,7337,15
98,75,47,26,45,7,101,cotton,7044,14
129,46,44,23,50,7,106,rice,5283,34
98,29,32,19,50,6,262,cotton,2109,15
140,59,25,25,78,7,230,coffee,7138,18
103,33,44,31,92,7,155,bajra,3564,7
69,37,71,37,77,6,151,sorghum,5136,24
73,52,39,20,58,7,120,cardamom,10622,37
116,31,37,33,79,6,280,groundnuts,10629,14
89,77,72,30,79,7,54,rice,9083,42
75,78,59,23,50,6,184,coffee,10135,22
97,57,76,20,92,6,266,maize,2561,6
133,64,76,30,41,8,229,turmeric,8235,9
103,49,62,19,63,5,51,soybeans,6849,18
135,34,80,25,44,5,171,groundnut,7439,8
103,43,54,34,41,6,137,tur,1802,9
83,51,31,32,80,8,240,ragi,9894,25
21,24,63,15,68,5,102,barley,8321,32
25,38,48,35,54,5,299,sugarcane,3424,43
132,53,24,28,90,8,224,rice,9696,6
43,44,28,23,45,7,213,sorghum,3281,25
40,68,41,35,83,8,65,jowar,3962,34
120,48,42,27,89,7,183,sunflower,11985,39
136,80,35,18,52,6,121,mustard,10285,10
88,52,39,16,88,6,76,coffee,5874,26
58,38,52,28,57,7,64,cardamom,4973,43
52,31,38,36,85,7,147,groundnut,2972,7
106,65,36,26,50,6,185,chilli,7763,44
100,52,47,30,86,6,129,sugarcane,9926,7
97,43,67,33,89,7,283,cotton,1703,49
57,48,48,24,46,5,206,cardamom,7959,17
75,27,33,23,72,7,52,groundnuts,1681,24
35,55,52,29,65,8,290,soybeans,6940,32
105,45,63,38,68,6,147,bajra,6113,44
120,25,56,17,62,7,76,cardamom,8263,16
102,48,77,35,42,8,242,bajra,4312,8
123,23,26,27,43,6,79,sorghum,5250,33
104,34,73,32,54,6,156,black_pepper,2115,34
20,23,80,31,81,6,244,cardamom,7041,10
119,71,66,27,67,8,187,millets,2375,47
108,51,63,23,46,5,263,sorghum,3677,46
104,27,69,16,65,7,244,millets,11734,36
133,53,77,26,58,7,295,mustard,9786,6
87,68,58,39,79,6,270,oats,8903,24
132,38,69,36,72,6,295,mustard,8849,6
129,53,61,19,91,7,292,wheat,11537,38
74,20,40,21,84,5,76,sunflower,2037,28
101,52,62,38,54,5,62,tea,2207,17
32,58,49,34,79,7,258,groundnuts,3070,48
77,66,50,30,41,6,200,tur,4012,47
98,33,27,25,65,6,182,black_pepper,10260,44
50,57,71,22,55,7,187,turmeric,1558,23
39,25,72,27,84,8,230,ragi,6747,16
128,52,55,22,45,8,253,bajra,5800,39
42,45,22,30,93,7,244,bajra,11607,41
93,66,71,31,56,6,185,sugarcane,8852,27
121,48,48,26,91,8,60,sorghum,9624,37
57,45,77,17,62,5,274,turmeric,4871,17
120,73,28,16,40,7,135,wheat,7316,43
106,79,22,30,74,7,184,rice,4456,23
105,63,30,36,50,8,281,sunflower,11873,42
54,27,45,37,55,8,174,cotton,10178,19
50,78,68,30,74,5,234,mustard,9876,49
62,31,24,31,82,5,185,cotton,3141,23
47,27,26,28,60,7,254,sunflower,9972,18
111,56,21,35,58,5,192,cardamom,4477,41
48,33,57,32,48,7,94,tur,5839,11
99,56,73,18,63,5,278,ragi,10392,41
91,78,43,36,76,5,258,tur,11921,41
51,22,20,18,60,7,170,cardamom,4862,47
42,44,21,19,76,6,245,wheat,3527,18
21,52,73,19,71,8,154,sugarcane,6434,19
63,36,58,39,43,7,119,coffee,11142,17
25,50,28,36,40,7,236,sunflower,6355,39
55,38,59,26,60,5,279,turmeric,7284,32
75,33,31,23,63,8,230,sesame,4183,27
113,69,53,38,61,7,210,moong,1726,29
92,51,62,20,85,8,158,urad,7337,29
28,70,43,39,75,7,70,sesame,1780,28
127,61,43,35,94,8,139,wheat,5909,42
109,20,71,21,45,5,171,sesame,1504,22
135,28,79,37,87,5,162,cotton,4736,22
53,37,37,22,49,8,239,jowar,11193,22
64,40,49,25,78,5,168,cotton,5169,14
87,64,43,26,51,6,100,coffee,10763,28
88,71,80,15,41,5,138,chana,7865,45
102,44,44,21,91,5,196,black_pepper,5903,5
66,40,32,24,40,6,270,chilli,3262,6
51,76,38,30,43,7,106,tea,9030,28
104,80,34,35,75,5,199,mustard,10179,23
66,48,31,29,54,8,95,moong,5389,48
125,79,72,33,47,8,147,sesame,10359,37
42,26,57,28,72,5,263,maize,1683,14
43,61,39,27,66,7,271,turmeric,2970,37
78,47,69,37,75,6,136,sorghum,2243,14
93,24,29,38,67,8,275,chana,2839,46
88,41,40,19,75,8,160,barley,5188,41
102,75,20,18,90,5,252,chana,3908,32
41,57,38,23,56,7,73,oats,10208,32
94,26,72,34,77,6,267,groundnut,4189,9
135,58,70,34,63,7,80,sesame,6742,33
119,71,43,15,67,8,122,urad,4034,6
34,80,50,19,44,7,71,tur,3229,31
92,41,74,28,52,6,280,jowar,6566,11
98,48,66,27,95,8,166,coffee,6376,28
120,21,31,33,81,6,117,bajra,5886,43
88,21,51,20,88,7,70,chana,3006,50
138,20,80,24,93,6,102,jowar,2990,48
117,68,20,40,70,6,284,maize,6056,32
44,21,64,28,81,6,106,sunflower,7586,40
123,43,53,20,91,7,237,ragi,6308,44
137,72,43,35,66,6,213,groundnuts,1982,14
21,69,51,16,93,7,147,ragi,9687,12
60,27,43,30,62,5,99,rice,3861,17
22,69,63,27,45,5,127,millets,7660,37
56,39,24,31,62,6,130,chana,2037,44
134,35,44,17,69,6,282,soybeans,10095,39
109,54,79,31,91,8,278,coffee,10463,41
56,74,46,31,45,5,80,groundnut,6953,30
117,51,54,35,90,6,130,bajra,4878,11
25,49,59,31,58,5,187,jowar,8103,44
24,29,30,28,67,6,147,urad,9262,18
120,39,20,25,75,6,256,turmeric,10758,14
130,61,24,17,46,5,63,tea,4413,11
25,35,28,16,48,7,134,oats,8962,42
104,44,76,21,59,5,132,cotton,11329,35
112,24,33,29,86,5,57,moong,9151,31
44,53,47,36,90,8,195,groundnut,11010,35
102,46,79,25,42,6,254,tur,3565,7
22,74,58,31,59,6,118,cardamom,7597,16
137,60,48,38,82,8,277,cardamom,10370,33
63,32,33,22,44,5,246,barley,7433,29
113,72,67,34,82,7,64,wheat,6518,25
97,75,23,18,56,8,142,wheat,9676,12
83,53,46,40,42,8,130,mustard,3808,46
90,48,30,39,73,8,138,tea,5446,24
67,35,25,26,75,6,210,oats,11125,27
55,74,37,35,59,6,141,tea,9361,11
99,52,75,34,79,6,137,cotton,3857,19
20,63,63,18,78,7,130,cardamom,10254,25
127,78,46,25,89,6,103,maize,2757,19
107,62,47,39,90,8,278,cardamom,7012,9
96,76,36,27,55,6,105,black_pepper,10733,20
55,59,77,37,46,5,90,sunflower,2578,46
113,46,20,17,42,7,226,jowar,11532,50
65,27,66,22,80,8,150,cotton,10108,37
55,71,24,16,71,6,128,groundnuts,2177,15
86,74,72,33,55,7,252,bajra,9523,44
42,71,73,34,83,6,254,sorghum,2571,36
44,64,64,16,51,5,92,tea,11771,14
98,36,75,26,93,5,138,barley,5953,7
61,52,67,16,50,5,152,tea,11514,28
133,77,41,24,61,5,165,black_pepper,8460,8
29,50,42,24,87,7,72,coffee,6195,38
47,63,50,35,56,6,274,soybeans,10450,13
52,61,41,20,90,7,85,cardamom,9037,9
104,65,42,38,47,8,57,wheat,11478,13
21,59,56,33,62,6,215,cardamom,4738,39
125,40,70,31,49,7,57,urad,6815,33
27,59,71,19,69,6,217,sunflower,2482,45
51,32,41,33,60,5,101,coffee,2762,20
77,56,73,16,46,8,119,black_pepper,2486,27
41,36,40,35,89,8,268,turmeric,6149,36
140,58,50,23,87,5,194,tur,7431,41
62,39,33,31,70,7,182,groundnuts,4522,41
64,21,79,24,69,6,192,mustard,7812,6
32,22,52,32,77,6,134,barley,4259,29
27,37,47,20,69,7,65,oats,7803,49
135,78,73,36,60,5,122,black_pepper,11071,45
84,68,41,24,62,5,94,chilli,7590,5
104,70,65,36,63,5,107,sorghum,5092,12
99,47,39,19,73,8,273,turmeric,9431,32
96,23,44,28,74,8,224,barley,7610,12
85,67,47,34,80,6,227,sugarcane,7272,28
105,60,21,26,92,8,154,sorghum,11938,45
47,70,79,17,84,6,52,sesame,10732,30
108,60,29,21,91,7,193,cardamom,4230,6
108,53,73,24,83,7,110,moong,4309,22
75,64,54,21,93,7,250,chilli,7432,45
115,31,62,39,74,7,173,soybeans,5192,22
33,31,79,17,59,5,238,black_pepper,10972,19
100,74,67,37,70,8,83,groundnuts,2230,49
83,52,74,40,80,8,221,groundnuts,11277,39
42,39,75,17,50,8,174,groundnut,8882,17
71,39,24,24,95,6,258,rice,11626,6
73,55,50,36,57,8,54,tur,10822,31
103,36,76,31,49,7,123,chilli,11670,11
37,69,61,28,85,7,230,rice,6993,50
24,43,49,35,87,6,151,tea,5363,44
116,25,56,23,74,7,290,tea,2803,43
59,42,78,23,73,7,247,cotton,4972,46
55,79,35,20,89,7,207,moong,5944,9
40,34,49,18,56,8,281,chilli,4209,18
38,32,53,27,66,7,52,cardamom,11271,8
117,28,21,36,61,7,175,jowar,10250,12
26,24,33,34,82,7,255,chilli,10577,49
123,35,23,23,57,6,54,cardamom,3178,31
58,79,33,25,82,6,162,barley,2906,17
128,60,34,40,59,7,224,rice,9346,26
102,55,57,17,93,7,83,sunflower,9217,50
45,70,47,27,80,7,124,sesame,7644,24
68,21,44,32,59,7,279,groundnut,4631,33
76,78,20,25,76,6,256,tur,9630,38
40,75,71,28,84,5,201,moong,11817,44
97,79,65,25,48,6,131,urad,6411,19
84,54,68,32,73,5,212,groundnut,5132,7
119,37,67,22,87,7,223,coffee,6864,49
67,36,71,27,82,8,75,sunflower,5754,46
57,80,22,28,73,6,244,bajra,3452,45
75,34,73,22,81,8,132,oats,9613,39
117,40,36,38,70,8,205,millets,9516,32
51,22,21,37,74,8,74,maize,7920,16
128,26,20,16,60,6,64,sunflower,4635,48
36,52,57,40,52,7,63,turmeric,6924,38
37,71,44,29,58,6,94,turmeric,7601,8
64,79,62,18,56,8,228,tur,9381,27
45,76,38,21,63,6,82,urad,2692,9
22,20,65,18,52,5,114,jowar,9500,24
98,49,80,28,79,8,129,tea,8205,5
71,52,30,19,68,5,158,sunflower,7752,14
133,31,50,17,62,6,104,groundnut,3067,16
49,41,43,28,84,6,266,black_pepper,8932,19
118,70,62,32,87,7,200,urad,1904,22
120,57,72,19,88,6,119,sesame,11277,7
80,32,79,36,50,8,170,coffee,5079,21
127,74,36,24,44,8,133,chana,2488,19
33,77,72,24,77,7,267,chilli,11708,22
92,46,31,35,69,7,65,turmeric,7823,9
123,42,61,19,87,5,142,wheat,2261,10
34,40,44,40,72,8,102,urad,5139,28
26,47,24,27,58,5,71,maize,5954,27
108,48,44,17,94,8,219,rice,1721,18
41,41,57,40,91,8,186,oats,11375,27
53,72,27,36,84,8,110,moong,7353,36
88,61,48,37,83,5,201,jowar,2783,14
75,40,43,15,71,6,128,urad,6883,13
102,33,77,26,91,8,69,tea,6332,6
111,65,31,31,94,6,226,black_pepper,8363,16
96,24,22,20,47,5,252,oats,6043,14
73,36,32,16,83,7,151,tur,7637,20
54,64,67,26,59,5,64,sugarcane,5285,24
104,55,66,30,82,5,241,cotton,1831,7
90,70,54,38,65,5,298,chilli,8080,25
44,52,74,23,63,6,191,rice,7416,27
135,37,69,37,66,7,290,tea,10777,5
51,29,41,31,84,8,138,oats,3382,40
103,62,44,37,77,6,180,millets,5505,39
55,36,79,34,58,8,171,rice,6723,38
121,72,46,33,64,7,68,coffee,6765,13
45,22,46,40,79,7,79,mustard,5581,33
82,45,52,24,73,7,146,wheat,6218,19
33,47,80,18,70,8,180,sorghum,6132,7
93,36,47,28,90,5,84,sesame,10886,27
73,46,20,23,78,8,155,oats,10268,16
49,25,35,36,69,5,207,cardamom,4303,49
126,70,67,30,95,6,229,sesame,8913,10
106,68,52,22,92,7,180,oats,3753,19
26,78,35,35,51,8,164,millets,5864,20
23,26,24,33,62,8,151,mustard,1814,38
40,29,33,20,79,8,178,black_pepper,2823,24
28,62,70,27,66,6,85,soybeans,3058,49
116,70,43,19,92,6,101,black_pepper,2554,35
93,36,67,20,81,5,225,soybeans,8904,5
104,72,31,38,82,6,109,urad,8593,47
70,41,58,28,47,6,133,oats,10687,33
47,38,23,36,58,6,144,coffee,6907,49
80,46,48,27,44,8,280,wheat,9324,12
89,61,48,35,45,7,79,soybeans,5225,9
130,22,65,21,83,7,93,jowar,2097,37
45,37,57,28,84,5,130,coffee,7755,22
123,54,68,18,67,8,62,sorghum,5112,13
98,62,58,18,82,8,190,urad,11664,23
32,79,29,39,56,7,77,black_pepper,1602,47
60,27,25,38,76,8,242,barley,7746,25
29,22,20,31,87,8,236,groundnut,3439,38
79,65,54,27,53,8,223,sesame,7737,10
62,58,53,30,60,7,237,ragi,6176,37
54,78,42,38,63,7,239,chana,4862,8
110,62,28,36,82,6,137,urad,2520,7
39,38,66,34,58,5,99,coffee,7285,37
35,61,33,30,55,6,113,cardamom,6008,38
36,35,79,30,55,8,66,coffee,8353,18
78,44,33,19,53,6,280,jowar,2674,10
124,77,44,30,87,5,82,cotton,8645,12
75,26,61,36,57,7,126,tea,3044,22
90,41,78,26,90,5,101,soybeans,4757,9
102,38,64,17,83,7,291,sunflower,7457,36
79,41,52,21,56,7,251,sunflower,8019,12
92,76,35,33,81,6,151,moong,4166,38
20,53,60,25,85,7,213,moong,11621,19
77,52,27,40,83,8,200,black_pepper,8108,23
127,25,53,31,55,8,72,maize,10606,25
109,67,75,28,76,6,263,sunflower,9812,32
88,68,69,35,75,8,145,cardamom,6579,39
102,80,61,32,82,5,228,urad,2107,49
37,30,33,21,79,5,50,jowar,8106,6
131,24,73,28,56,6,112,jowar,8941,31
73,76,20,39,50,6,289,ragi,7548,8
72,27,70,15,48,8,178,groundnuts,5393,12
123,39,78,32,75,6,231,black_pepper,5847,19
45,61,77,26,73,5,81,rice,8247,22
79,32,70,30,93,8,210,sesame,6445,38
102,23,71,36,52,5,227,sugarcane,8728,39
96,80,41,19,43,6,125,mustard,8826,43
48,76,28,17,83,8,116,maize,2464,48
120,66,52,24,45,7,133,mustard,9778,20
31,38,75,27,55,6,72,tea,9291,46
95,24,75,35,58,8,174,cotton,3466,22
78,71,30,35,44,6,194,mustard,2291,18
96,49,67,18,71,7,67,soybeans,8544,10
82,50,60,17,43,6,283,tea,4977,8
103,44,21,30,74,6,251,urad,7526,29
124,60,57,17,72,8,98,barley,10867,38
125,48,75,24,64,7,119,barley,4862,8
110,28,75,31,67,7,263,mustard,7808,45
99,50,80,38,57,6,123,barley,2179,19
52,53,24,30,77,7,191,cardamom,8069,19
83,69,49,20,50,8,80,turmeric,4139,27
22,51,40,19,42,5,194,moong,10080,30
119,44,61,21,71,6,170,chilli,4437,29
50,57,58,17,84,8,140,chana,2333,6
77,27,61,19,73,7,176,cotton,10163,39
71,44,50,20,65,7,59,bajra,4136,37
81,33,44,29,40,7,234,sugarcane,7655,5
93,72,22,34,46,8,275,maize,8440,33
42,28,80,30,82,8,88,sunflower,5472,41
113,58,41,16,68,5,113,black_pepper,1568,41
27,56,32,17,56,6,124,sorghum,2934,6
37,62,60,18,67,5,283,turmeric,3725,24
114,68,58,40,68,8,144,sugarcane,8619,8
125,30,67,32,95,7,59,urad,11222,36
140,50,45,23,54,5,96,chana,8663,20
99,78,30,36,78,7,220,tea,2964,7
83,47,50,32,75,8,232,urad,3856,25
108,63,27,18,58,8,117,black_pepper,8093,50
134,68,75,38,55,6,160,tur,5017,47
44,31,59,21,74,5,296,turmeric,6896,24
106,38,79,17,68,8,76,sorghum,9299,38
47,72,58,30,84,5,148,barley,4530,45
57,64,28,24,81,8,195,tur,3060,41
22,74,76,32,48,5,285,mustard,10899,35
24,57,54,26,87,7,291,bajra,7948,15
81,48,34,30,76,5,106,rice,9980,12
52,75,59,35,93,6,170,urad,10138,23
92,43,60,28,88,8,290,turmeric,7808,48
115,50,68,25,91,7,183,soybeans,5593,25
81,48,42,29,89,7,193,rice,3129,47
64,49,27,30,64,6,55,jowar,2779,13
125,66,30,26,69,7,94,jowar,4742,9
130,32,37,39,84,6,151,urad,7635,12
79,65,76,23,93,8,155,sorghum,5396,32
87,59,57,32,90,8,147,groundnuts,2409,38
32,27,39,27,58,7,212,mustard,6324,15
132,23,24,34,47,5,288,cardamom,11067,45
62,31,22,16,93,8,102,urad,5019,50
87,58,65,40,93,5,257,oats,11051,29
107,77,79,37,63,8,157,chana,4846,10
56,51,27,19,49,8,102,chilli,3419,39
22,74,62,39,58,6,94,moong,4767,47
113,72,51,21,41,5,192,cotton,6326,29
106,57,68,20,82,5,230,millets,10890,28
100,51,35,17,84,5,225,barley,2541,8
111,49,46,31,89,8,105,chilli,2331,24
68,56,74,38,80,7,237,millets,3773,8
91,39,23,35,69,5,268,groundnuts,9418,16
122,53,28,31,64,8,105,ragi,2259,18
129,35,38,30,64,5,225,cotton,9662,22
130,32,54,31,42,8,181,moong,5501,40
69,23,69,39,43,5,137,turmeric,9667,40
88,44,29,17,52,5,229,cardamom,11396,5
123,49,76,25,78,6,205,soybeans,1873,41
100,22,41,27,74,8,99,sunflower,3793,19
55,62,79,32,73,5,147,coffee,7037,30
101,26,52,28,63,8,197,sunflower,5554,27
100,54,59,17,57,8,150,chana,4679,6
114,77,56,22,91,6,89,tur,7877,30
67,46,71,20,45,6,225,moong,5519,11
109,50,46,35,95,7,106,bajra,10041,46
29,46,34,39,51,8,162,tea,1876,22
128,37,37,18,94,7,198,bajra,2363,36
89,58,43,31,84,7,104,barley,5762,32
126,78,59,33,57,5,281,oats,5414,28
55,45,33,38,48,5,199,sugarcane,3145,11
133,55,72,33,55,6,72,coffee,3288,43
52,61,25,34,89,7,175,cardamom,1808,26
115,67,50,18,58,5,152,sugarcane,9138,37
124,31,67,25,53,5,63,coffee,10363,40
40,34,66,26,82,8,277,moong,3961,48
42,72,24,37,45,6,201,cotton,10058,41
20,52,67,26,64,7,93,ragi,6588,21
36,71,46,24,79,7,64,sugarcane,2990,30
140,53,60,36,50,5,248,soybeans,7191,40
135,47,30,29,63,6,173,cardamom,11455,36
96,76,60,30,71,7,159,chana,6085,24
22,54,75,16,83,5,213,wheat,5535,33
111,37,45,38,61,7,147,groundnuts,5787,34
70,26,42,18,70,6,67,black_pepper,6629,7
61,67,27,25,58,5,152,tea,8139,31
134,47,27,40,62,6,263,coffee,11767,5
38,40,20,26,40,6,181,urad,1573,20
72,74,80,19,62,7,84,maize,9186,22
91,67,61,37,90,8,77,ragi,1587,28
39,73,58,18,41,8,226,black_pepper,5473,42
95,73,22,15,85,5,97,barley,10144,29
106,78,29,39,76,6,209,rice,11873,23
36,56,65,34,41,6,246,ragi,8491,31
27,75,57,25,91,8,160,mustard,1649,15
124,33,73,38,81,5,265,bajra,5488,26
60,68,71,26,87,7,267,groundnut,3523,47
126,79,34,37,89,6,222,sesame,11488,29
113,32,68,39,74,7,95,oats,5444,11
52,63,78,17,83,8,206,sugarcane,2300,33
68,71,56,18,65,6,55,moong,11616,15
122,33,65,28,45,6,77,barley,2655,18
90,39,60,15,64,8,142,millets,8386,5
71,51,50,22,66,6,245,ragi,2430,24
42,62,22,28,41,6,276,oats,11173,15
77,33,36,25,52,7,167,wheat,2436,50
35,69,74,31,90,8,176,sunflower,2537,28
53,21,64,22,71,8,256,millets,1565,16
105,63,44,40,67,8,176,tur,5531,47
106,71,61,38,79,5,143,jowar,6190,31
104,75,74,39,48,7,158,soybeans,3438,10
140,70,40,16,81,6,117,groundnuts,9120,46
95,43,27,27,81,7,148,mustard,11147,38
137,46,36,27,72,6,290,rice,8377,44
113,44,34,40,90,6,248,black_pepper,3445,41
77,27,50,33,70,7,207,sesame,5570,32
29,79,41,17,71,5,121,mustard,11825,15
82,64,52,24,83,5,288,bajra,6698,22
79,41,23,33,42,7,86,chana,2799,6
22,22,45,37,57,7,285,tea,2001,17
140,66,68,30,61,8,183,mustard,5598,8
61,20,51,37,44,8,178,ragi,4084,43
78,32,41,32,73,6,210,tur,3432,7
21,46,60,23,70,6,296,millets,2266,24
54,67,64,19,56,7,134,chilli,8604,28
33,57,25,36,82,5,225,rice,1723,31
136,49,73,27,86,5,213,cotton,2081,43
23,57,36,21,94,7,287,black_pepper,1794,9
127,29,25,17,95,6,278,mustard,1821,43
83,57,79,16,78,8,103,coffee,5675,26
80,71,29,38,57,8,90,turmeric,5908,40
114,47,80,31,47,6,207,mustard,7082,28
122,45,73,40,52,8,77,moong,9710,36
102,50,25,37,82,7,192,mustard,4926,20
57,79,52,40,56,5,129,sorghum,4390,38
48,58,73,34,44,5,125,sunflower,5135,21
95,20,30,16,93,8,282,tea,6779,16
58,32,20,30,69,8,226,cardamom,6763,11
23,74,73,22,78,6,50,cotton,1829,17
87,47,48,27,83,7,296,moong,2516,48
51,76,80,20,72,7,188,millets,5212,30
28,37,33,26,78,5,137,turmeric,6430,15
53,54,46,40,64,8,300,millets,4329,16
137,71,75,16,73,7,274,black_pepper,10485,8
43,78,66,37,89,7,209,mustard,2156,16
138,31,55,22,90,5,199,turmeric,2662,8
108,22,30,33,43,6,141,tur,8520,30
88,33,34,18,84,8,270,tur,6071,8
39,41,60,38,85,5,98,groundnut,10783,31
58,45,20,35,63,7,97,cardamom,9654,22
134,58,44,20,93,7,201,urad,8683,12
102,58,21,29,57,6,126,bajra,4801,45
63,67,66,27,48,6,180,chana,5549,48
129,73,41,27,54,8,110,chilli,5161,5
82,33,34,26,74,7,293,maize,7295,39
59,26,64,33,41,5,206,maize,9945,37
54,64,54,22,52,6,121,tur,3637,46
45,70,26,40,77,7,91,mustard,6688,34
51,80,41,19,95,5,98,black_pepper,7558,29
139,70,45,30,91,7,176,tea,5495,49
66,64,65,27,75,5,51,cardamom,7387,48
93,66,44,33,80,7,233,tea,7008,20
22,50,64,40,50,8,128,urad,7653,7
53,44,78,34,55,5,104,soybeans,2479,10
91,38,51,19,51,5,114,tea,3399,16
83,31,42,33,73,5,282,turmeric,3270,6
102,45,29,20,85,7,271,oats,3538,12
92,45,62,31,58,8,279,tur,6146,27
65,56,59,25,48,5,172,chilli,6323,5
103,44,29,30,91,5,198,cotton,9910,32
123,31,41,19,77,6,114,chilli,8435,10
44,59,53,16,90,7,126,groundnuts,11289,38
38,69,66,16,59,5,233,sugarcane,6558,8
65,73,35,21,46,6,84,wheat,5378,33
36,71,60,20,81,6,230,groundnut,5889,47
112,53,55,27,90,8,58,maize,1818,7
128,35,78,20,64,6,103,groundnuts,4241,19
126,38,37,26,69,8,156,groundnut,2149,31
63,74,56,39,58,8,73,sugarcane,6215,35
138,51,34,39,70,5,169,turmeric,7984,26
126,54,55,15,57,7,113,jowar,10500,47
47,60,62,35,95,8,295,sesame,8513,36
118,38,76,22,61,7,56,groundnut,8388,23
130,35,70,15,64,7,53,sugarcane,10164,18
24,76,49,33,93,7,140,cotton,10782,9
94,55,41,29,94,8,261,sorghum,2116,22
36,21,59,34,77,6,256,black_pepper,7937,22
94,77,37,24,89,7,195,cardamom,6398,43
25,50,38,38,64,6,264,cardamom,5954,19
24,72,68,33,48,8,119,groundnuts,10071,20
128,30,58,27,79,5,171,jowar,11500,18
58,79,25,38,85,7,120,cotton,3545,5
68,73,49,17,73,5,98,moong,3180,25
95,62,22,23,73,8,212,maize,7099,27
50,58,42,23,49,8,289,chilli,7881,6
93,63,23,25,71,6,291,cotton,1626,22
84,50,46,40,75,8,271,coffee,6970,34
40,64,72,37,66,5,273,black_pepper,8989,25
113,44,65,33,45,7,252,chana,4999,41
117,50,40,22,51,6,167,wheat,3409,43
56,53,32,29,74,8,167,chana,6043,13
133,44,30,23,71,8,257,coffee,9417,26
134,66,34,33,57,5,214,rice,1880,44
124,38,60,38,82,5,243,cardamom,5716,14
110,40,78,34,70,7,251,sesame,7524,16
132,37,30,31,68,5,53,rice,5501,44
115,35,39,33,92,7,269,moong,4949,32
79,26,23,29,48,8,98,moong,3074,32
41,65,70,39,78,5,199,cotton,8993,29
60,65,46,31,65,7,288,oats,4082,29
53,72,37,40,70,6,94,black_pepper,11201,22
86,77,36,34,40,7,273,wheat,6004,40
88,30,61,35,79,8,84,urad,11466,8
127,55,34,27,55,7,226,sugarcane,2616,22
122,27,50,36,68,7,56,groundnut,4994,16
138,53,80,23,72,5,225,rice,4834,15
23,67,57,28,94,5,106,chana,6620,22
71,77,27,22,41,5,293,barley,5396,20
35,63,67,27,95,7,190,sunflower,1793,31
56,38,29,29,52,6,72,tea,5606,29
122,74,56,34,60,6,73,mustard,5005,15
36,36,25,16,46,8,203,millets,5270,38
97,64,41,29,69,5,143,tur,2027,44
51,29,80,16,90,7,252,oats,11057,25
59,38,76,28,45,6,69,sugarcane,6668,29
114,48,27,17,64,7,68,oats,11481,27
102,75,33,34,67,7,67,sesame,6570,45
52,23,43,35,78,8,109,moong,7829,38
54,32,33,19,64,8,222,tea,4441,44
93,78,65,35,57,6,103,sesame,2842,12
41,64,80,35,95,5,178,groundnut,3674,6
140,62,79,19,67,6,229,groundnut,2665,36
127,27,25,24,61,6,52,mustard,4038,44
111,72,60,30,41,5,227,rice,3883,25
96,21,64,40,87,6,73,wheat,5068,31
89,41,56,20,54,8,170,urad,3081,42
126,60,37,39,75,5,201,coffee,3118,49
116,35,30,39,57,7,255,tur,5354,25
131,60,33,18,51,5,159,wheat,9095,22
122,77,20,34,92,6,63,bajra,3907,34
119,36,45,36,47,6,263,urad,5719,47
55,35,24,27,58,8,88,sunflower,2152,49
92,20,46,31,50,6,129,coffee,2371,7
26,52,43,26,46,5,283,sugarcane,2173,32
46,71,69,35,64,6,214,cotton,4834,19
119,27,72,39,72,6,61,turmeric,4967,34
81,53,39,15,91,6,198,chilli,9154,26
134,32,20,38,95,8,73,sunflower,10645,30
131,42,21,27,43,5,108,millets,11760,34
64,40,73,38,71,7,269,maize,8940,33
111,63,73,34,85,7,69,urad,10660,11
129,35,75,16,63,6,98,sugarcane,4912,47
122,29,43,40,83,5,200,oats,11413,13
124,51,37,20,42,5,248,cardamom,2034,12
58,35,33,40,67,8,63,sorghum,11177,19
127,58,64,22,78,6,65,moong,5070,19
88,45,56,35,58,8,83,chana,10075,27
125,30,22,40,60,5,153,groundnuts,7215,32
66,43,63,27,61,7,226,cotton,9431,21
50,22,74,23,92,8,260,tur,8019,16
66,28,21,24,72,7,203,millets,7253,7
23,24,34,37,84,7,265,wheat,9843,17
67,43,33,17,74,8,66,turmeric,9409,22
26,50,44,25,74,5,202,ragi,7960,5
83,28,72,33,63,6,275,turmeric,11207,14
92,71,74,31,77,7,171,sorghum,5805,14
54,37,76,40,70,8,50,jowar,8824,36
84,33,34,31,58,7,288,turmeric,6272,48
99,61,53,35,74,7,90,sorghum,7876,42
132,50,64,22,60,7,173,tea,5852,20
76,44,77,31,46,6,178,jowar,4778,48
56,61,49,39,50,6,190,chana,5561,12
112,51,40,23,62,7,220,bajra,2332,19
118,53,50,36,47,5,64,sugarcane,3419,33
107,48,27,16,60,8,252,tea,7114,9
57,66,57,32,72,8,82,groundnut,3173,19
71,78,75,39,49,6,245,sugarcane,1818,34
74,45,68,29,51,7,286,sugarcane,10816,9
38,34,51,28,66,5,215,tea,7181,17
38,25,37,26,52,8,233,millets,3596,34
41,80,32,16,79,5,120,bajra,10499,27
137,61,64,32,52,7,82,moong,6548,29
32,34,25,33,40,7,295,wheat,11881,46
44,33,76,31,57,6,87,cotton,6848,43
107,64,62,18,52,8,274,sunflower,11941,24
131,25,76,28,59,7,241,urad,10953,38
119,21,45,18,87,7,266,jowar,8249,22
24,78,59,16,54,7,162,chilli,3251,24
130,33,65,40,48,8,282,wheat,7218,38
36,62,42,38,64,6,259,sesame,4682,6
90,56,51,22,62,6,269,urad,9591,42
26,55,75,28,63,5,280,turmeric,5828,15
87,77,58,33,54,6,132,urad,3930,28
115,76,65,34,87,7,97,cardamom,5885,28
53,67,27,18,91,8,152,sorghum,7088,32
27,66,34,24,46,8,154,groundnuts,1627,37
106,53,35,16,86,6,239,jowar,10032,9
51,52,71,21,90,6,243,ragi,1669,41
134,79,55,32,57,7,85,chana,8613,11
42,20,45,23,40,8,225,urad,4198,46
39,68,75,30,94,5,237,wheat,6461,19
75,45,72,24,80,5,221,tur,9643,47
105,67,79,22,87,5,61,moong,2017,37
104,71,31,40,55,5,244,wheat,8843,14
119,48,21,18,59,5,90,coffee,6397,17
135,49,27,15,79,6,280,turmeric,6523,26
28,65,67,27,80,6,192,barley,8777,5
36,61,74,26,94,8,133,groundnut,7994,39
53,61,36,25,66,7,52,wheat,7463,11
126,61,41,24,94,6,148,sugarcane,7945,39
116,37,77,38,43,7,204,groundnuts,7379,39
51,76,43,15,53,5,278,coffee,2788,17
42,45,73,25,71,5,246,sorghum,7172,14
36,20,45,17,82,5,144,turmeric,7073,27
137,66,66,16,68,8,152,sesame,3018,26
128,63,55,21,58,8,292,urad,10053,30
97,57,46,25,50,7,193,ragi,7649,49
140,34,23,17,89,6,274,millets,6452,29
89,74,58,28,92,5,277,cardamom,9419,9
34,27,34,28,84,5,128,millets,6422,9
137,65,74,30,73,6,230,turmeric,4225,8
42,39,44,18,90,8,274,cardamom,4766,30
77,76,34,23,56,5,80,groundnuts,9019,13
105,37,50,23,64,8,261,chilli,7052,8
130,37,48,27,88,8,280,sorghum,6086,24
28,25,52,30,81,8,221,wheat,9586,5
127,61,30,36,81,6,124,tea,11210,25
126,46,44,33,74,5,273,tur,9668,38
125,38,57,27,92,5,276,cotton,9653,8
98,54,43,19,62,8,295,moong,6175,41
56,40,23,23,69,8,283,bajra,11165,26
130,71,80,32,92,8,259,bajra,8845,27
126,21,21,39,66,6,233,ragi,11034,48
96,70,27,33,51,6,205,chana,3628,7
44,25,80,39,77,5,69,sesame,3752,39
38,47,26,37,42,5,91,soybeans,9743,15
104,31,38,25,82,6,51,sesame,7376,25
50,58,46,15,46,8,168,groundnuts,11118,29
101,55,24,27,43,6,50,sesame,2357,21
130,51,60,15,85,6,253,sesame,7648,40
47,44,80,34,57,8,270,cotton,10963,8
66,37,51,34,89,8,138,millets,11902,43
74,20,51,19,46,5,117,groundnuts,10877,6
134,29,46,28,44,5,198,turmeric,5680,10
91,26,33,17,86,8,127,bajra,10644,12
72,22,25,34,46,8,218,maize,9265,34
68,80,29,38,71,5,262,sorghum,9504,39
136,53,63,33,68,5,256,turmeric,8765,18
34,47,40,23,76,8,252,chana,5650,26
39,32,26,29,44,7,290,tea,11395,28
99,63,20,22,76,7,197,oats,2586,36
67,65,61,29,87,6,221,ragi,3064,20
131,56,25,38,68,7,230,tea,5161,50
24,48,77,20,76,8,188,sorghum,8794,31
135,64,54,31,56,8,183,coffee,10020,8
99,28,73,35,74,7,196,cardamom,6829,45
116,74,48,27,78,8,258,groundnut,6785,14
122,42,76,39,89,8,120,sugarcane,3240,33
118,62,61,31,71,7,285,cotton,10328,18
41,48,21,17,62,7,176,jowar,5011,32
47,25,60,26,53,6,87,oats,6362,50
134,30,40,28,73,5,252,tea,5928,15
57,43,21,38,44,7,164,chilli,10488,35
29,79,62,30,59,5,119,soybeans,9524,29
135,28,62,36,73,7,129,tur,7108,14
23,34,73,21,80,8,295,sesame,7060,18
126,25,32,30,67,8,128,soybeans,6349,39
112,72,23,28,45,6,273,maize,5648,25
92,25,20,25,45,7,228,barley,6344,14
115,56,59,18,60,6,274,groundnuts,9648,11
126,51,79,23,57,6,224,ragi,5939,38
74,30,50,16,49,7,205,groundnuts,4355,15
77,51,20,28,73,8,147,bajra,11914,42
42,69,65,15,50,6,113,maize,5988,10
87,72,25,37,62,7,289,barley,2304,21
128,45,54,35,65,8,207,oats,2299,45
131,22,67,22,58,7,203,groundnuts,7375,47
95,48,50,23,65,5,86,cardamom,6461,28
61,31,66,40,51,8,53,maize,5848,12
123,40,24,39,54,5,180,cotton,10861,10
125,69,42,17,86,7,212,cardamom,2876,37
65,24,63,23,92,8,102,coffee,5612,31
79,33,48,20,92,7,120,soybeans,4272,10
133,67,67,39,76,5,120,ragi,8763,42
69,50,77,34,76,7,281,chana,4016,43
34,25,79,31,44,8,57,urad,2748,48
44,27,37,28,45,5,116,black_pepper,9337,33
25,30,69,28,57,5,79,ragi,8677,44
85,77,40,36,52,8,265,bajra,2841,15
38,48,33,40,41,7,223,oats,3115,20
113,46,75,28,89,6,77,wheat,5748,49
45,72,79,17,42,5,240,barley,8304,35
136,35,37,15,70,5,166,moong,5781,40
80,74,50,34,58,7,152,bajra,9455,31
72,47,56,36,65,8,77,groundnuts,10798,7
90,48,35,36,56,8,198,oats,7102,12
110,43,47,28,43,6,237,soybeans,11410,40
91,79,71,21,45,6,191,chana,9266,17
88,34,38,27,85,6,100,jowar,9832,11
27,33,66,17,65,5,234,turmeric,3122,9
52,36,59,25,77,5,56,tur,9657,31
108,31,42,40,86,6,51,barley,11224,20
123,22,68,19,80,5,254,groundnuts,1864,43
129,67,52,39,50,5,129,ragi,9588,21
80,39,42,25,95,6,184,black_pepper,2294,35
76,39,60,20,48,7,73,maize,2459,42
138,31,43,16,51,7,162,groundnuts,8608,8
121,80,46,30,62,7,115,sunflower,6950,42
139,30,28,35,57,8,224,maize,4108,13
87,28,20,18,40,7,132,groundnut,6678,32
94,33,40,25,95,5,257,urad,7258,49
107,73,70,35,40,7,167,jowar,9567,17
88,68,49,30,86,7,113,oats,1979,44
78,47,77,24,95,6,204,mustard,9473,41
26,29,52,40,48,8,247,coffee,2715,10
119,26,67,17,71,6,242,maize,10483,26
33,39,32,34,91,6,101,maize,10009,46
65,44,71,25,64,5,147,tea,9487,21
49,58,56,18,84,8,146,sorghum,8749,41
66,39,60,39,48,8,151,turmeric,8751,30
42,73,66,20,84,5,185,millets,9200,44
67,79,61,20,83,6,142,soybeans,7933,38
33,39,22,24,42,5,75,sorghum,2174,12
69,29,56,19,88,5,77,rice,4691,5
34,21,51,15,68,6,83,tur,10196,35
109,74,61,35,54,8,233,mustard,5133,47
124,54,39,32,85,7,242,millets,11128,28
89,69,63,29,78,5,274,barley,7779,34
59,24,22,28,56,6,108,sunflower,11719,44
52,71,21,40,68,6,292,rice,9624,44
34,65,43,39,47,6,69,coffee,7664,7
130,59,56,31,62,6,152,millets,5999,29
68,45,59,32,56,5,114,jowar,10984,12
40,73,23,32,67,8,187,millets,3665,13
117,66,77,18,73,6,299,moong,6409,6
52,35,27,16,56,7,51,tur,6849,32
96,61,44,25,81,6,65,black_pepper,7899,33
63,70,63,39,76,7,166,sunflower,10650,38
135,45,52,34,76,8,178,sugarcane,7386,35
97,45,42,26,53,5,233,jowar,3178,11
119,68,39,24,57,6,297,jowar,4348,12
91,46,46,36,59,8,151,moong,10323,29
55,21,76,34,44,7,240,black_pepper,9452,40
48,76,23,31,66,8,238,millets,6375,32
127,20,21,18,72,7,109,tea,6999,43
57,35,66,25,56,8,95,maize,3648,27
74,45,57,32,41,5,206,soybeans,11756,23
121,53,76,25,43,5,165,sorghum,7149,36
48,21,42,38,77,8,218,chana,10963,10
55,78,75,21,50,5,148,sesame,5883,18
69,58,62,20,81,6,276,urad,4524,32
24,21,58,17,56,8,97,oats,8013,31
128,21,75,24,90,7,196,moong,9081,18
87,24,47,21,73,5,297,bajra,10270,23
32,30,43,25,41,8,249,barley,9503,18
102,54,39,29,76,6,287,sesame,8868,27
125,30,72,15,91,5,180,sunflower,7593,43
40,70,23,32,70,7,221,mustard,2324,17
60,52,67,17,95,6,153,mustard,6409,37
50,42,63,20,44,5,287,millets,3686,21
87,71,52,37,64,5,239,ragi,10085,33
94,24,33,36,69,7,294,mustard,10218,47
34,59,37,20,95,8,216,turmeric,11946,46
22,56,75,19,53,5,190,barley,7103,32
137,20,30,35,74,8,92,cotton,1660,47
74,46,25,39,87,8,132,coffee,3290,21
91,55,52,36,91,7,170,tur,7813,14
58,59,31,34,44,6,167,black_pepper,11656,44
108,50,64,28,57,5,286,cardamom,8341,34
47,28,41,40,48,7,72,tur,7271,38
52,70,22,21,89,7,164,oats,6729,18
125,31,55,38,43,6,272,tea,11946,18
48,36,59,18,81,8,253,jowar,4710,15
67,53,76,19,72,7,111,oats,9149,9
97,36,50,18,80,7,151,chilli,11863,19
30,34,56,36,62,5,158,turmeric,8849,8
27,77,34,27,44,7,185,jowar,6910,48
82,80,53,17,84,6,178,cardamom,4057,46
107,79,80,25,71,7,234,wheat,10411,34
102,27,40,32,86,6,154,sunflower,7600,40
78,22,51,22,78,5,75,bajra,11362,34
125,31,76,32,80,6,197,cardamom,3940,12
55,24,65,15,61,7,96,sunflower,7936,44
66,58,62,34,77,8,253,mustard,6693,19
24,45,39,35,46,8,91,rice,11175,37
100,22,45,37,87,6,296,chilli,2883,47
130,65,28,26,78,5,61,tea,9248,47
28,41,47,33,74,6,129,turmeric,8441,23
33,53,61,29,47,7,295,sorghum,8417,46
42,58,50,40,70,8,281,cotton,2246,11
118,22,34,34,93,8,213,ragi,8093,43
33,75,46,29,78,8,256,groundnut,9989,50
71,74,44,34,65,6,54,rice,11863,18
39,33,76,24,41,7,86,sunflower,2974,15
53,59,71,21,92,6,97,sesame,9191,32
133,67,33,16,91,8,270,soybeans,6399,22
51,25,80,39,76,5,167,moong,3475,11
31,32,26,28,48,7,180,tur,8128,38
34,26,49,36,51,7,98,sesame,4697,23
20,35,52,36,86,5,254,sorghum,1914,43
127,33,38,27,89,7,216,sugarcane,4821,26
128,69,41,25,52,7,84,sugarcane,6610,42
122,39,38,25,50,5,88,chilli,3192,23
78,62,32,36,79,5,52,groundnuts,5030,17
34,76,68,37,61,8,62,soybeans,6464,32
54,23,57,33,56,7,179,cardamom,8177,15
82,80,76,34,70,8,150,turmeric,2886,32
56,40,26,39,59,6,207,oats,4801,12
74,56,65,26,53,7,204,wheat,5248,11
45,67,40,17,53,6,106,sunflower,6939,39
86,20,36,39,88,8,277,tur,1680,35
35,51,64,31,60,6,87,oats,10394,31
91,74,22,19,74,8,249,groundnut,8488,28
118,74,71,37,73,7,294,barley,8257,9
84,71,33,19,86,8,197,sorghum,4199,12
125,65,70,35,59,5,192,bajra,6132,26
67,62,69,21,57,8,130,soybeans,2024,38
94,56,35,30,69,6,282,ragi,5523,36
103,79,57,25,86,6,52,soybeans,6756,48
106,59,32,22,95,8,81,coffee,11100,34
70,79,79,27,80,6,180,wheat,2321,29
77,52,77,34,47,7,82,wheat,9951,30
137,20,21,21,63,8,274,groundnuts,7904,42
100,69,56,16,72,8,145,soybeans,7026,22
49,47,67,21,95,5,76,tur,5174,37
80,22,80,37,41,5,68,cardamom,9296,39
69,67,54,20,44,7,151,jowar,11960,41
91,37,43,36,81,8,72,tea,5416,48
96,21,70,36,58,6,95,sesame,11758,43
102,79,21,18,48,6,252,tea,7543,27
45,78,56,26,52,8,163,moong,1871,46
82,31,75,15,95,8,111,chana,6944,40
76,34,53,33,74,5,137,chilli,2286,40
31,47,74,39,69,6,82,tea,1541,27
46,50,66,37,88,8,197,groundnuts,8150,17
60,64,56,35,51,5,94,groundnuts,8571,34
50,69,62,31,83,6,88,urad,7503,9
63,77,43,16,92,5,170,mustard,2644,40
66,55,79,31,58,7,59,chana,5082,8
38,34,73,23,40,8,297,cotton,6803,31
69,39,44,20,68,7,252,chilli,2964,36
46,36,49,19,52,7,251,sorghum,3549,22
28,74,30,20,90,6,277,sorghum,6769,18
49,50,46,19,57,7,192,jowar,6796,20
37,74,80,26,94,8,57,sesame,10767,17
116,31,74,30,59,5,259,ragi,3815,30
38,51,51,27,48,6,221,sorghum,10151,48
80,79,32,26,91,8,113,rice,5328,22
81,70,41,32,87,8,219,barley,10940,11
100,31,38,19,40,7,154,cotton,4857,15
99,74,64,23,86,7,51,chana,5346,17
46,73,46,36,40,8,269,barley,11123,34
33,64,40,15,93,5,163,mustard,2192,39
100,38,79,24,61,8,295,chilli,4550,41
71,21,20,27,46,6,145,soybeans,3226,45
21,74,72,28,87,8,259,bajra,7505,13
54,36,52,31,65,8,272,maize,5959,19
34,25,56,27,59,7,86,maize,9273,11
80,26,33,28,64,6,206,sorghum,1964,49
113,45,45,28,69,8,128,chana,10713,19
132,40,24,18,47,6,64,mustard,1795,16
72,50,78,36,84,6,217,sorghum,4047,24
99,46,33,30,79,6,63,mustard,11853,49
140,71,46,28,44,8,138,soybeans,5901,31
27,25,24,39,90,6,159,sugarcane,3259,47
111,25,50,36,45,8,66,urad,7412,35
93,63,23,19,70,5,296,barley,10054,19
98,62,38,16,41,8,97,rice,6071,42
27,63,49,31,46,7,163,groundnut,10309,20
112,58,22,28,86,6,265,groundnuts,2789,46
108,38,77,33,48,7,191,cardamom,7244,17
100,69,61,19,76,8,265,barley,2273,13
60,69,32,32,91,5,216,millets,6348,24
58,33,26,22,88,8,295,chana,2388,10
107,45,56,33,84,6,255,maize,5620,29
119,72,62,22,54,8,86,turmeric,2093,32
127,23,79,29,92,8,265,urad,11912,6
55,45,30,35,82,7,92,moong,10551,37
65,57,58,20,48,6,197,black_pepper,5047,14
140,48,73,38,81,8,163,chana,7319,13
140,35,57,32,49,8,144,barley,5326,35
70,31,44,31,41,6,91,black_pepper,6290,32
105,30,44,27,46,5,127,sugarcane,11815,10
39,54,29,30,49,6,217,rice,7049,18
45,42,64,35,76,5,153,sorghum,5685,14
115,78,34,32,94,6,182,black_pepper,6484,7
114,30,23,18,68,7,126,mustard,8083,32
123,30,23,28,49,7,288,tea,10571,37