crop,date,price
rice,2024-01-01,1800
rice,2025-01-01,2600
rice,2026-01-01,2000
rice,2027-01-01,3200
rice,2028-01-01,2100
rice,2029-01-01,3500
rice,2030-01-01,2300
wheat,2024-01-01,4000
wheat,2025-01-01,2500
wheat,2026-01-01,4200
wheat,2027-01-01,2700
wheat,2028-01-01,4500
wheat,2029-01-01,3000
maize,2024-01-01,4800
maize,2025-01-01,3100
maize,2026-01-01,5000
maize,2027-01-01,3300
maize,2028-01-01,5300
maize,2029-01-01,3500
maize,2030-01-01,5600
maize,2031-01-01,3700
cotton,2024-01-01,6000
cotton,2025-01-01,4200
cotton,2026-01-01,6500
cotton,2027-01-01,4500
cotton,2028-01-01,7000
cotton,2029-01-01,4800
cotton,2030-01-01,7500
barley,2024-01-01,2200
barley,2025-01-01,2400
barley,2026-01-01,2150
barley,2027-01-01,2600
barley,2028-01-01,2300
sorghum,2024-01-01,1900
sorghum,2025-01-01,2100
sorghum,2026-01-01,2050
sorghum,2027-01-01,2350
soybeans,2024-01-01,5200
soybeans,2025-01-01,5500
soybeans,2026-01-01,5300
soybeans,2027-01-01,5800
soybeans,2028-01-01,5600
millets,2024-01-01,2500
millets,2025-01-01,2700
millets,2026-01-01,2600
millets,2027-01-01,2900
groundnuts,2024-01-01,6200
groundnuts,2025-01-01,6400
groundnuts,2026-01-01,6100
groundnuts,2027-01-01,6700
mustard,2024-01-01,5400
mustard,2025-01-01,5700
mustard,2026-01-01,5500
mustard,2027-01-01,6000
sugarcane,2024-01-01,350
sugarcane,2025-01-01,380
sugarcane,2026-01-01,410
sugarcane,2027-01-01,400
turmeric,2024-01-01,7200
turmeric,2025-01-01,8000
turmeric,2026-01-01,7500
turmeric,2027-01-01,8300
chilli,2024-01-01,12000
chilli,2025-01-01,13500
chilli,2026-01-01,11000
chilli,2027-01-01,14000
oats,2024-01-01,3100
oats,2025-01-01,3300
oats,2026-01-01,3200
oats,2027-01-01,3500
chana,2024-01-01,4800
chana,2025-01-01,5100
chana,2026-01-01,4950
chana,2027-01-01,5300
ragi,2024-01-01,2400
ragi,2025-01-01,2600
ragi,2026-01-01,2800
ragi,2027-01-01,3000
ragi,2028-01-01,3200
jowar,2024-01-01,2300
jowar,2025-01-01,2450
jowar,2026-01-01,2600
jowar,2027-01-01,2750
jowar,2028-01-01,2900
bajra,2024-01-01,1850
bajra,2025-01-01,1980
bajra,2026-01-01,2100
bajra,2027-01-01,2250
bajra,2028-01-01,2400
tur,2024-01-01,6600
tur,2025-01-01,6900
tur,2026-01-01,7200
tur,2027-01-01,7500
tur,2028-01-01,7800
urad,2024-01-01,6200
urad,2025-01-01,6500
urad,2026-01-01,6800
urad,2027-01-01,7100
urad,2028-01-01,7400
moong,2024-01-01,6900
moong,2025-01-01,7200
moong,2026-01-01,7500
moong,2027-01-01,7800
moong,2028-01-01,8100
sesame,2024-01-01,10500
sesame,2025-01-01,11000
sesame,2026-01-01,11500
sesame,2027-01-01,12000
sesame,2028-01-01,12500
sunflower,2024-01-01,4750
sunflower,2025-01-01,4950
sunflower,2026-01-01,5200
sunflower,2027-01-01,5450
sunflower,2028-01-01,5700
cardamom,2024-01-01,1250
cardamom,2025-01-01,1350
cardamom,2026-01-01,1450
cardamom,2027-01-01,1550
cardamom,2028-01-01,1650
black_pepper,2024-01-01,420
black_pepper,2025-01-01,450
black_pepper,2026-01-01,480
black_pepper,2027-01-01,510
black_pepper,2028-01-01,540
coffee,2024-01-01,185
coffee,2025-01-01,195
coffee,2026-01-01,210
coffee,2027-01-01,225
coffee,2028-01-01,240
tea,2024-01-01,150
tea,2025-01-01,165
tea,2026-01-01,180
tea,2027-01-01,195
tea,2028-01-01,210
groundnut,2024-01-01,5500
groundnut,2025-01-01,5700
groundnut,2026-01-01,6100
groundnut,2027-01-01,6700
groundnut,2028-01-01,5800
chana,2024-01-01,4800
chana,2025-01-01,5100
chana,2026-01-01,4950
chana,2027-01-01,5300
chana,2028-01-01,5600